title,note,excerpt,url,folder,tags,created,cover,highlights,favorite,
Rare footage reveals survival secrets of Africa's top predators,,Four rival carnivore families battle it out for rule over a remarkable river valley in Zambia.,https://www.bbc.co.uk/news/articles/cn51l324p7lo,Unsorted,Nature & Wildlife,2025-11-04T09:11:24.313Z,https://ichef.bbci.co.uk/ace/branded_news/1200/cpsprodpb/013a/live/3d407600-b8ed-11f0-b2a1-6f537f66f9aa.jpg,,false,
"Desktop Wallpapers ‚Äì 21:9, 32:9, 16:9 | 3000+ Curated Desktop & Mobile Wallpapers from Ultrawide Wallpapers",,"Discover 3,000+ original desktop (16:9, 21:9, 32:9) & mobile (9:16) wallpapers. Smart crop on‚Äëthe‚Äëfly and find your perfect fit.",https://ultrawidewallpapers.net/gallery?lang=en,Unsorted,,2025-10-30T21:55:24.652Z,https://www.ultrawidewallpapers.net/siteimages/ultra.webp,,false,
Articles - Joshua Cripps Photography,,,https://www.joshuacripps.com/articles/,Unsorted,"photos, Articles",2025-10-30T21:02:25.069Z,https://www.joshuacripps.com/?seraph_accel_gi=wp-content%2Fuploads%2F2025%2F08%2FTaboose-Pass-Kings-Canyon-National-Park-1.jpg&n=3qmyfWwAMVWNMT320TVw,,false,
pro-glacial Lake Humber at DuckDuckGo,,"DuckDuckGo. Privacy, Simplified.",https://duckduckgo.com/?t=ftsa&q=pro-glacial+Lake+Humber&ia=web,Unsorted,"Maps, UK",2025-10-27T18:31:17.679Z,https://external-content.duckduckgo.com/iu/?u=https%3A%2F%2Ftse1.mm.bing.net%2Fth%2Fid%2FOIP.0ZW4p9YY36yeoF3wJH7GngHaEf%3Fpid%3DApi&f=1&ipt=db1278d6e639c4937d219d0dbdf12e30f22b322f35c8694f1566315a237fa1b0&ipo=images,,false,
Lumo A.I cat - Brave Search,,"Search the Web. Privately. Truly useful results, AI-powered answers, & more. All from an independent index. No profiling, no bias, no Big Tech.",https://search.brave.com/images?q=Lumo+A.I+cat&source=web,Unsorted,"A.I, Images",2025-10-26T14:05:38.227Z,https://imgs.search.brave.com/zljAdpqZSGPcbPV8qbezAMYhhv_q3e2sjFBxpGRQGnU/rs:fit:500:0:1:0/g:ce/aHR0cHM6Ly9pbWcu/bG9iYmVzLm5sL2lt/YWdlcy9pdGVtLzE0/MTA2NzZhLzM3MHgz/NzAud2VicA,,false,
UFC 321: Nathaniel Wood on how family and therapy help him with 'waves' of OCD,,Nathaniel Wood speaks to BBC Sport in Abu Dhabi about his experience with OCD before his bout against Jose Delgado at UFC 321 on Saturday.,https://www.bbc.co.uk/sport/mixed-martial-arts/articles/cn8vrm42990o,Unsorted,"Articles, Health, MentalHealth, UFC, Fighter",2025-10-25T22:40:20.308Z,https://ichef.bbci.co.uk/ace/branded_sport/1200/cpsprodpb/1b32/live/80597ad0-af8e-11f0-b913-f3ce4c5c6c56.jpg,,false,
Streaming Audio Goodness from Amazon S3 to the Client's Ears,,"Built up this cool little feature the other day for a project of mine.  I'm going to go through how I got audio files stored on Amazon's S3 to stream down from on high and play in the browser. If you're only here for the code, here you go. If",https://alexzywiak.github.io/streaming-audio-goodness-from-amazon-s3-to-the-clients-ears/index.html,Unsorted,"Music, Streaming, s3, web, audio, browser",2025-10-25T15:46:47.399Z,,,false,
Google Cloud Learning Courses and Certifications | Google Cloud,,"Grow your Google Cloud career from beginnger to advanced training courses in cloud architecture, data engineering, AI and ML skills. Discover learning!",https://cloud.google.com/learn?hl=en,Unsorted,"A.I, Cloud, Learning, Training",2025-10-25T15:30:45.313Z,https://www.gstatic.com/cgc/learn/gen-ai-training-learn-logo.png,,false,
‚ú®Ô∏èüïäüôèüèªüïä‚ú®Ô∏è - YouTube,,"Enjoy the videos and music you love, upload original content, and share it all with friends, family, and the world on YouTube.",https://www.youtube.com/shorts/_ll6gbSpSfk,Unsorted,,2025-10-25T01:03:21.472Z,https://i.ytimg.com/vi/_ll6gbSpSfk/oardefault.jpg?sqp=-oaymwEkCJUDENAFSFqQAgHyq4qpAxMIARUAAAAAJQAAyEI9AICiQ3gB&rs=AOn4CLAx7nOXra6No169671FMXFAh8Qa8A,,false,
Never Give Upüî• - YouTube,,"Enjoy the videos and music you love, upload original content, and share it all with friends, family, and the world on YouTube.",https://www.youtube.com/shorts/c4MPj5S_uyQ,Unsorted,,2025-10-25T00:57:59.866Z,https://i.ytimg.com/vi/c4MPj5S_uyQ/oardefault.jpg?sqp=-oaymwEkCJUDENAFSFqQAgHyq4qpAxMIARUAAAAAJQAAyEI9AICiQ3gB&rs=AOn4CLBAVTlvrGnoZxmY3k0mddrCF0IK5g,,false,
Hilarious encounters with cops guaranteed to make you laugh ü§£ #funnyshorts #memes #comedyvideos - YouTube,,"Enjoy the videos and music you love, upload original content, and share it all with friends, family, and the world on YouTube.",https://www.youtube.com/shorts/aGcqC73TcyI,Unsorted,,2025-10-25T00:56:51.964Z,https://i.ytimg.com/vi/aGcqC73TcyI/oardefault.jpg?sqp=-oaymwEkCJUDENAFSFqQAgHyq4qpAxMIARUAAAAAJQAAyEI9AICiQ3gB&rs=AOn4CLA8DH3pl1foMQE5L4YcJcd-Cl6osg,,false,
The very definition of a life-changing call üìû - YouTube,,"In The Money,  Damien is in deep trouble with debts, taken hostage by two heavies, tied to a chair, about to face a grim fate. Just when all seems lost, the ...",https://www.youtube.com/shorts/rNdhQZ3Fi9w,Unsorted,,2025-10-25T00:51:22.800Z,https://i.ytimg.com/vi/rNdhQZ3Fi9w/oardefault.jpg,,false,
The drainage process of the bathroom floor- Good tools and machinery make work easy - YouTube,,"Enjoy the videos and music you love, upload original content, and share it all with friends, family, and the world on YouTube.",https://www.youtube.com/shorts/OXGm1aIaV0Y,Unsorted,,2025-10-25T00:36:37.871Z,https://i.ytimg.com/vi/OXGm1aIaV0Y/oar2.jpg?sqp=-oaymwEkCJUDENAFSFqQAgHyq4qpAxMIARUAAAAAJQAAyEI9AICiQ3gB&rs=AOn4CLD8yvMrtVCrA3zPo99e82QIJfHb8w,,false,
Smart Clove Hitch Tutorial #tutorial #rope #shorts - YouTube,,"Smart Clove Hitch Tutorial #tutorial #rope #shortsTags/keywordsbend,bight coil hitch,boating,brion toss,bushcraft,camping,climbing,coiling rope,coiling rope ...",https://www.youtube.com/shorts/R7mJNj7M010,Unsorted,,2025-10-25T00:06:32.875Z,https://i.ytimg.com/vi/R7mJNj7M010/oardefault.jpg?sqp=-oaymwEkCJUDENAFSFqQAgHyq4qpAxMIARUAAAAAJQAAyEI9AICiQ3gB&rs=AOn4CLDrWOCN19B8nOgDqMyecjVLwGQ6hA,,false,
ÏãúÎ∞îÍ≤¨Ïù¥ ÏïÑÍ∏∞Í≥†ÏñëÏù¥ Í¥¥Î°≠ÌûàÎã§ ÏóÑÎßàÌïúÌÖå Îî± Í±∏Î¶ºShiba Inu Bullying Kitten Gets Caught by Mom#ÏãúÎ∞îÍ≤¨ #Í≥†ÏñëÏù¥ #ÎèôÎ¨ºÏáºÏ∏† #funnyanimals - YouTube,https://www.youtube.com/shorts/uijcbIQabC8?feature=share,#ÏãúÎ∞îÍ≤¨ #Í≥†ÏñëÏù¥ #ÎèôÎ¨ºÏáºÏ∏† #Í∑ÄÏó¨Ïö¥ÎèôÎ¨º #funnyanimals #dogandcat ÏãúÎ∞îÍ≤¨Ïù¥ ÏïÑÍ∏∞Í≥†ÏñëÏù¥ Í¥¥Î°≠ÌûàÎã§ ÏóÑÎßàÌïúÌÖå Îî± Í±∏Î¶ºShiba Inu Bullying Kitten Gets Caught by Mom,https://www.youtube.com/shorts/uijcbIQabC8,Unsorted,,2025-10-25T00:04:17.345Z,https://i.ytimg.com/vi/uijcbIQabC8/oar2.jpg?sqp=-oaymwEkCJUDENAFSFqQAgHyq4qpAxMIARUAAAAAJQAAyEI9AICiQ3gB&rs=AOn4CLByk58Ow27IQNsV-BL1tndJg2DBJQ,,false,
AI Basics - Articles,,"All Our Articles on Practical AI Tools Explore hundreds of helpful, easy-to-read articles on making the most of artificial intelligence in work, daily life and creativity. Latest Articles AI moves fast. We keep you current. New articles and practical tips every week that you can use right away. Ready to‚Ä¶",https://ai-basics.com/articles,Unsorted,"A.I, Articles, Guides, How-tos",2025-08-27T19:39:39.000Z,,,false,
Memory & Performance Tweaks | howtolinux,,"A Webpage with tips, tricks and guides for Linux.",https://howtolinux.vercel.app/guide/advanced/memperf.html,Unsorted,,2025-09-12T23:08:57.586Z,,Highlight:cat /sys/module/zswap/parameters/enabled,false,
scar45/retro-crt-startpage: HTML5-based layout for a personalized retro CRT startpage.,,HTML5-based layout for a personalized retro CRT startpage. - scar45/retro-crt-startpage,https://github.com/scar45/retro-crt-startpage,Unsorted,,2025-09-12T22:52:46.980Z,https://opengraph.githubassets.com/db8255f58a8e8041174d6e1574b17c05efeafbd5e911c9fc65b2ca8caf11ea9e/scar45/retro-crt-startpage,,false,
CyTube,,"Free, open source synchtube",https://cytu.be/,Unsorted,,2025-09-12T22:45:55.029Z,,,false,
"Map Porn, for interesting maps",,,https://www.reddit.com/r/MapPorn/,Unsorted,,2025-09-12T21:52:37.847Z,https://preview.redd.it/country-outside-southeast-asia-that-wants-to-join-asean-v0-867kvxmzbrof1.jpeg?width=640&crop=smart&auto=webp&s=43f04ec4875836d2322efbe8f77cf117483805e9,,false,
"Rapidly invoke an editor to write a long, complex, or tricky command",,"ctrl-x e - (Rapidly invoke an editor to write a long, complex, or tricky command Next time you are using your shell, try typing ctrl-x e (that is holding control key press x and then e). The shell will take what you've written on the command line thus far and paste it into the editor specified by $EDITOR. Then you can edit at leisure using all the powerful macros and commands of vi, emacs, nano, or whatever.). The best command line collection on the internet, submit yours and save your favorites.",https://www.commandlinefu.com/commands/view/1446/rapidly-invoke-an-editor-to-write-a-long-complex-or-tricky-command,Unsorted,,2025-09-12T21:30:47.515Z,,,false,
Search some text from all files inside a directory Using grep,,"grep -Hrn \""text\"" . - (Search some text from all files inside a directory ). The best command line collection on the internet, submit yours and save your favorites.",https://www.commandlinefu.com/commands/view/18233/search-some-text-from-all-files-inside-a-directory,Unsorted,,2025-09-12T21:30:26.072Z,,,false,
You-Dont-Need-GUI. Use your terminal,,Stop relying on GUI, CLI **ROCKS**,https://github.com/you-dont-need/You-Dont-Need-GUI/blob/master/readme.md,Unsorted,"Linux, Cmds",2025-09-12T21:06:53.611Z,https://github.com/you-dont-need/You-Dont-Need-GUI/raw/master/Xerox_Star_8010_workstations.jpg,,false
sheepla/awesome-for-oneliner: üêö A list of useful commands in the Unix shell one liner,,üêö A list of useful commands in the Unix shell one liner - sheepla/awesome-for-oneliner,https://github.com/sheepla/awesome-for-oneliner,Unsorted,"Linux, Cmds",2025-09-12T21:02:04.624Z,https://opengraph.githubassets.com/05e16bfc3ef59a31a18124a230b040214d129f97f53a198beffe10dc9dedbd4f/sheepla/awesome-for-oneliner,,false,
üî•Playing banjo for a wild fox! He came back for an encore! : r/NatureIsFuckingLit,,,https://www.reddit.com/r/NatureIsFuckingLit/comments/1mxujeq/playing_banjo_for_a_wild_fox_he_came_back_for_an/,Unsorted,,2025-08-23T15:40:06.180Z,https://share.redd.it/preview/post/1mxujeq,,false,
Stray Cats - What to Do If You Find One | Cats Protection,,"Take a look at our guide on what to do if you've found a cat, including how to tell if a cat is stray and whether you can keep a stray cat.",https://www.cats.org.uk/help-and-advice/lost-found-and-feral-cats/stray-cats,Unsorted,,2025-08-23T08:05:15.841Z,https://www.cats.org.uk/media/1303/stray-cats-og.jpg,,false,
World‚Äôs 6 most unusual roads,,"They twist, turn and take some steep climbs",https://www.bbc.co.uk/bitesize/articles/zx8t9ty,Unsorted,,2025-08-22T13:18:57.085Z,https://ichef.bbci.co.uk/images/ic/1200xn/p0kh5fr1.jpg,,false,
Transfer Playlists Between Music Services | Tune My Music,,"Transfer Playlists From Any Music Platform to Any Other Music Platform! Including Spotify, Apple Music, Deezer, YouTube, Google Play Music, TIDAL and more!",https://www.tunemymusic.com/,Unsorted,Music,2025-08-21T14:42:41.084Z,https://www.tunemymusic.com/tunemymusic_1200x630.jpg,,false,
atuin: ‚ú® Magical shell history,,‚ú® Magical shell history,https://github.com/atuinsh/atuin?tab=readme-ov-file,Unsorted,"Linux, Terminals, Apps",2025-08-21T08:38:31.112Z,https://github.com/atuinsh/atuin/assets/53315310/13216a1d-1ac0-4c99-b0eb-d88290fe0efd,,false,
Aerial shots of Whitby,,"Aerial shot of Whitby, a town on the North Yorkshire coast in England famous for its ruined abbey, at sunset on a summer evening.",https://www.gettyimages.co.uk/detail/video/panning-aerial-view-of-whitby-north-yorkshire-at-dusk-stock-footage/2161382541,Unsorted,"Whitby, Aerial shots, Costal",2025-08-20T08:10:55.080Z,https://media.gettyimages.com/id/2161382541/video/panning-aerial-view-of-whitby-north-yorkshire-at-dusk.jpg?s=170x170&k=20&c=MvxJzIJln42EXEv-otm8hehxqxjgZX24YpPjQr5B4cI=,,false,
Acid vs. Caustic ‚Äî What‚Äôs the Difference?,,"Acids release hydrogen ions in solution, typically sour, while caustics, or bases, release hydroxide ions, often slippery and bitter.",https://www.askdifference.com/acid-vs-caustic/,Unsorted,,2025-08-16T21:44:27.221Z,https://www.askdifference.com/images/acid-vs-caustic-9329.webp,,false,
"Alpine Linux 3.22.0: Not Just for Servers, Containers, and IoT - FOSS Force",,Alpine Linux is known as a small-footprint OS for containers and IoT devices. We decided to see how well it performs on a desktop.,https://fossforce.com/2025/06/alpine-linux-3-22-0-not-just-for-servers-containers-and-iot/,Unsorted,,2025-08-16T20:28:00.606Z,https://fossforce.com/wp-content/uploads/2025/06/Alpine-Gnome-desktop.jpg,,false,
Bude to Westward Ho! Britain's fave path,,archived 15 Aug 2025 08:09:26 UTC,https://archive.ph/y5ofo,Archived webpages,,2025-08-15T08:12:30.022Z,https://archive.ph/y5ofo/c2d72abd18a71ac47f773c682e7587a6ad2ae6a3/scr.png,,false,
RGB Color Picker,,"Use the palette to pick a color or the sliders to set the RGB, HSV, CMYK components. Search for a color by its name in the list containing more than 2000 names.",https://rgbcolorcode.com/,Brave Bookmarks,Colours,2025-08-03T14:21:06.000Z,https://rgbcolorcode.com/rgbcolor/rgbcolorcode.jpg,,false,
Dole,,,https://www.universal-credit.service.gov.uk/sign-in,Brave Bookmarks,Poverty,2025-08-03T14:21:06.000Z,,,false,
UK Caves database,,,https://www.ukcaves.co.uk/all-longest,Brave Bookmarks,"Caves, Databases, UK",2025-08-03T14:21:06.000Z,,,false,
Emojis Database,,,https://emojidb.org/database-emojis,Brave Bookmarks,Emojis,2025-08-03T14:21:06.000Z,,,false,
Gumtree | my ads,,,https://www.gumtree.com/manage/ads,Brave Bookmarks,Selling,2025-08-07T16:19:46.000Z,,,false,
Table Generator,,Generate Markdown Table format data with professional online tool,https://tableconvert.com/markdown-generator,Brave Bookmarks,"Markdown, Web Tools",2025-08-07T21:01:45.000Z,https://tableconvert.com/images/preview.png,,false,
Archive webpages,,create a copy of a webpage that will always be up,https://archive.ph/,Brave Bookmarks,Archives,2025-08-11T20:37:33.000Z,https://archive.ph/apple-touch-icon-144x144.png,,false,
Anna‚Äôs Archive: Largest open library in human history,,"The world‚Äôs largest open-source open-data library. Mirrors Sci-Hub, Library Genesis, Z-Library, and more.",https://annas-archive.org/,Brave Bookmarks,"Archives, Libaries",2025-08-27T18:46:09.000Z,,,false,
Alphabetize Lists Tool,,Alphabetize lists and much more!  A free website application for sorting text.  Does ABC order in no time!,https://alphabetizer.flap.tv/,Brave Bookmarks,"Alphabetize, Text Tools, Web Tools",2025-08-28T14:58:06.000Z,https://alphabetizer.flap.tv/images/alphabetize-1200-630.jpg,,false,
Rights of way map | North Yorks,,,https://www.northyorks.gov.uk/roads-parking-and-travel/public-rights-way/rights-way-map,Brave Bookmarks,"Maps, Yorkshire",2025-08-28T23:26:37.000Z,,,false,
Miami Vice Wiki,,[Template fetch failed for https://community.fandom.com/wiki/Template:fallseason?action=render: HTTP 404],https://miamivice.fandom.com/wiki/Miami_Vice_Wiki,Brave Bookmarks,Wikis,2025-09-01T19:13:30.000Z,https://static.wikia.nocookie.net/ucp-internal-test-starter-commons/images/a/aa/FandomFireLogo.png/revision/latest?cb=20210713142711,,false,
Proton Mail (fmboots),,"Proton Mail is based in Switzerland and uses advanced encryption to keep your data safe. Apps available for Android, iOS, and desktop devices.",https://mail.proton.me/u/0/inbox,Brave Bookmarks,"Email, Proton Apps",2025-09-03T22:02:05.000Z,https://mail.proton.me/assets/proton-og-image.png,,false,
Proton Drive (fmboots),,Sign in to access your Proton Drive account,https://account.proton.me/drive,Brave Bookmarks,"Cloud Storage, Proton Apps",2025-09-03T22:03:59.000Z,https://account.proton.me/assets/proton-og-image.png,,false,
README ¬∑ basterdly/Linux-apps-and-links,,,https://github.com/basterdly/Linux-apps-and-links/blob/main/README.md,Brave Bookmarks,Github,2025-09-05T20:19:14.000Z,,,false,
Tinted Gallery,,,https://tinted-theming.github.io/tinted-gallery,Brave Bookmarks,,2025-09-07T20:53:17.000Z,,,false,
Tuxpi. - Online Photo Editor,,,https://www.tuxpi.com/,Brave Bookmarks,To Sort,2025-09-07T22:17:22.000Z,,,false,
FreeMediaHeckYeah !!,,The largest collection of free stuff on the internet!,https://fmhy.net/,Brave Bookmarks,"AI, Collections, Educational, Freestuff, Internet, Linux, Listening, Music, Podcasts, Reading, Streaming, Torrents, ad-blocking",2025-09-12T20:39:02.000Z,https://fmhy.net/__og_image__/og.png,,false,
Pixlr: Edit images online,,"Looking for advanced photo editing capabilities right in your browser, Pixlr Express is the next generation photo editor! No installation and registration required. Use for free on desktop, tablets & phones.",https://pixlr.com/express,Brave Bookmarks,"Image Editing, Images, Online Tools, Im",2025-10-01T10:56:59.000Z,https://pixlr.com/images/pixlr-x-graphic-design.jpg,,false,
feeltheblow,,feel the natural sounds,https://feeltheblow.web.app/,Brave Bookmarks,Sounds,2025-10-02T20:47:25.000Z,https://feeltheblow.web.app/preview.jpg,,false,
Free Sound Clips | SoundBible.com,,"SoundBible.com offers free sound clips for download in either wav or mp3 format. We offer free and royalty free sound effects and clips for video editors, movie scores, .......",https://soundbible.com/,Brave Bookmarks,"Sound Effects, Sounds",2025-10-02T21:14:44.000Z,,,false,
HTML to Markdown,,"Convert your HTML code to Markdown with our free online tool. Paste your HTML or upload an HTML file, and get the Markdown output instantly.",https://codeshack.io/html-to-markdown-converter,Brave Bookmarks,"Converstion Tools, HTML, Markdown, Web Tools",2025-10-05T14:50:46.000Z,https://codeshack.io/web/img/tools/html-to-markdown-converter.png,,false,
ConvertSimple,"Simple Conversion Tools for JSON, YAML, XML and more","Simple Conversion Tools for JSON, YAML, XML and more",https://www.convertsimple.com/,Brave Bookmarks,"CSV, Conversion Tools, JSON, Javascript, Markdown, XML, YAML, HTML",2025-10-05T15:10:05.000Z,,,false,
Daily Life in Ancient and Modern Istanbul,,"Have you ever wondered what daily life was like for people long ago? What did they eat? What games did kids play? What did they wear when it rained? How did they treat a toothache? Cities through Time explores daily life during the key historical periods that most shaped each city&#39;s personality. Supports the national curriculum standards Culture; Time, Continuity, and Change; People, Places, and Environments; Individuals, Groups, and Institutions; Power, Authority, and Governance; Production, Distribution, and Consumption; Science Technology and Society; Global Connections; and Civic Ideals and Practices as outlined by the National Council for the Social Studies.",https://books.google.co.uk/books?id=k1thG1smoSMC&pg=PA8&redir_esc=y#v=onepage&q&f=false,History,"Educational, MiddleAges, Books",2025-10-27T19:07:25.618Z,https://books.google.co.uk/books/content?id=k1thG1smoSMC&printsec=frontcover&img=1&zoom=1&edge=curl&imgtk=AFLRE71jV_p8X5cyflionz6QGMX6gzDan99CiGwrG_GbEnyaJZp4joP_47bXZE3iSy9J5zUslx7CEeN5CUezrQXL2_7Zq1sZ4qX8iChzraAFyTEUQKelkapEdueCvmmM_NDIwtdQjUVk,,false,
Tales Of The Middle Ages,,Dives into the gritty realities and untold stories of the medieval world. This isn‚Äôt a polished version of history but an unfiltered look,https://talesofthemiddleages.com/,History,"History, Educational, medieval, Articles, MiddleAges",2025-10-21T15:58:01.155Z,https://talesofthemiddleages.com/wp-content/uploads/2025/04/The-Best-and-Worst-of-Living-in-the-Middle-Age.-Would-You-Have-Made-It-768x576.jpg,,false,
Transum Maths,,"Free online interactive resources for Mathematics teachers, pupils and parents.",https://www.transum.org/Software,Maths,Maths,2025-08-13T10:43:07.000Z,https://www.transum.org/software/SW/Starter_of_the_day/images/Apple_Transum.png,,false,
Corbettmaths,,"Welcome to Corbettmaths! Home to 1000's of maths resources: Videos, Worksheets, 5-a-day, Revision Cards and much more.",https://corbettmaths.com/,Maths,Maths,2025-08-13T10:43:10.000Z,,,false,
Find Square Root of 100,,"What is the Square Root of 100? - Important Notes, How to Calculate the Square Root of 100 using Prime Factorization and Long Division Methods, FAQs, Tips and Tricks, Solved Examples, and more.",https://www.cuemath.com/algebra/square-root-of-100,Maths,Maths,2025-08-13T10:43:12.000Z,https://static.qumath.in/static/next/_next/static/images/cuemath-dark-logo-9f8e8ee85028a3943d4cb7d90b9db2e7.svg,,false,
Math is Fun,,"Math is Fun provides free, high-quality math explanations, interactive tools, and engaging content for K-12 students, teachers, and parents.",https://www.mathsisfun.com/,Maths,Maths,2025-08-13T10:43:15.000Z,,,false,
AllTrails - Guides & Maps,,"Search over 450,000 trails with trail info, maps, detailed reviews, and photos curated by millions of hikers, campers, and nature lovers like you.",https://www.alltrails.com/,"Outdoors, Walking","Guides, Maps, Outdoors, Trails, Walking",2025-08-03T14:21:06.000Z,https://cdn-assets.alltrails.com/assets/images/homepage/og-meta-images/AllTrails-logo-horizontal-2025.jpg,,false,
Cloudinary,,,https://console.cloudinary.com/console/c-c0bfd213426f7d20e19a085d7b27c9/media_library/homepage,Photo Storage,"Cloud Storage, Files Sharing, Image Storage, Images",2025-08-13T11:16:46.000Z,,,false,
ImgBB,,,https://imgbb.com/login,Photo Storage,"Cloud Storage, Files Sharing, Image Storage, Images",2025-08-28T23:00:52.000Z,,,false,
Ente@lcst,,Safely store and share your best moments,https://web.ente.io/credentials,Photo Storage,"Cloud Storage, Image Storage, Images",2025-08-28T23:32:12.000Z,https://albums.ente.io/images/preview.jpg,,false,
BBC Mindful Mix,,"Soothing classical music to help you relax, unwind and see things more clearly.",https://www.bbc.co.uk/programmes/p06mtsqy,Music & Radio / Music,"BBC, Music, Ambient Music",2025-08-28T22:50:22.000Z,https://ichef.bbci.co.uk/images/ic/480xn/p0m1dylm.jpg,,false,
SoundCloud,,"Discover and play over 320 million music tracks. Join the world‚Äôs largest online community of artists, bands, DJs, and audio creators.",https://soundcloud.com/,Music & Radio / Music,Music,2025-08-03T14:21:06.000Z,https://a-v2.sndcdn.com/assets/images/meta/soundcloud-unfurl-square.png,,false,
YouTube Music,,"With the YouTube Music app, enjoy over 100 million songs at your fingertips, plus albums, playlists, remixes, music videos, live performances, covers, and hard-to-find music you can‚Äôt get anywhere else.",https://music.youtube.com/search?q=home+adriatique,Music & Radio / Music,"Music, Youtube",2025-08-03T22:05:17.000Z,,,false,
"Siwards How, water tower, york - Brave Search",,"Search the Web. Privately. Truly useful results, AI-powered answers, & more. All from an independent index. No profiling, no bias, no Big Tech.",https://search.brave.com/search?q=Siwards%20How%2C%20water%20tower%2C%20york&offset=1&spellcheck=0,Read later,,2025-10-26T19:08:10.855Z,https://cdn.search.brave.com/serp/v3/_app/immutable/assets/ogImg.DqcWnT-h.png,,false,
aerial photographs York,,Gallery:  York on aeroengland,https://aeroengland.photodeck.com/-/galleries/yorkshire/york#media_970f79ec-7947-4448-a699-0ec07adef879,Read later,,2025-10-26T19:00:43.947Z,https://d3e1m60ptf1oym.cloudfront.net/1636507a-7b15-4061-9476-88c016ba5246/York-LD10126_xlarge.jpg,,true,
"Siwards How, south east of the water tower, Heslington Hill, Heslington, York",,"Siwards How, south east of the water tower, Heslington Hill is a Scheduled Monument in Heslington, York, England. See why it was listed, view it on a map, see visitor comments and photos and share your own comments and photos of this building.",https://ancientmonuments.uk/113900-siwards-how-south-east-of-the-water-tower-heslington-hill-heslington,Read later,,2025-10-26T18:57:12.155Z,https://ancientmonuments.uk/img/profile.png,,false,
Severus Hill ‚Äì Wild York,,,https://wildyork.uk/map-marker/severus-hill/,Read later,,2025-10-26T18:39:34.731Z,https://wildyork.uk/wp-content/uploads/2024/05/skyfilming-severus-hill-july-2022_small-J-P.jpg,,false,
Nature site in York goes up for sale: ‚ÄòShould be of interest to developers‚Äô,,,https://yorkmix.com/nature-site-in-york-goes-up-for-auction-should-be-of-interest-to-developers/,Read later,"Nature & Wildlife, York",2025-10-26T18:34:41.465Z,https://yorkmix.com/wp-content/uploads/2023/10/severus-hill-york-greenery.webp,,false,
York Natural Hystery: When Hitler killed the Homestead monkeys,,"In the early hours of April 29th 1942, in one of the Baedeker Raids , the Luftwaffe bombed York. You can learn all about it on the Raids Ove...",https://madliam.blogspot.com/2023/08/york-natural-hystery-when-hitler-killed.html,Read later,"History, Articles, 1942, Bombing, War, York",2025-10-26T18:25:07.020Z,https://lh3.googleusercontent.com/blogger_img_proxy/AEn0k_vdZVvaoqRvXMK2Y3Hh0oiqSxS6iXT1cgb5_QE2rWUSVqZSbU-y1UipVk0RvhZnAcQk9-NL37aNI5AgiA-Xo59NwCeGcAGJaB86_Q9BidOzLiZsGvBgTm0J5_z3DmCOrnxNByF9E6sqo859LHm8KRND3bV4iZXwnNvnTRT1ykKIpnapg36OLK1YyK4rCgTqkeC0xVi8pfKVM_A53iWv178BH9VUY7sW-OmgO3qBKSYYAbTfxCn3NJ7Tqfoycs7eVpM=w1200-h630-p-k-no-nu,,false,
Ice and Fire: the mystery of Severus' Hill,,"The first time I can remember seeing it, just a little north of York station, was from the window of a train to Durham. York is such a flat...",https://madliam.blogspot.com/2017/01/ice-and-fire-mystery-of-severus-hill.html,Read later,"History, Articles, York, Mystery",2025-10-26T18:13:02.575Z,https://lh3.googleusercontent.com/blogger_img_proxy/AEn0k_tsulz8ZVHgqeHBLtUm9nrJOsczkixxfChF9BcrE1lvZOIagj0Qu41SKE-hbfK7FDTgmIHhKY0spXY0lf0S8jrihs0V5qTOSz7FVc2XUmUyVfPKfMbfxn2ZR-ojb5TDO5NJS6T5PpLAqAXBSFX7A_w4xXbgdOW7aY3eJkMTS8YLo3YcVkaDnMk49gxXA6ODSu2CbfP1IeZUGXcm6sj_hrLtjBM8XpmkO537DIVFYSTt2sIFDm6cqWI=w1200-h630-p-k-no-nu,,false,
'Brothers in the forest' - the fight to protect an isolated Amazon tribe,,"Peru's Mashco Piro face a struggle to survive in the 21st Century, but locals want to help them.",https://www.bbc.co.uk/news/articles/cjw92x915xlo,Read later,"Tribe, Isolation, Nature & Wildlife, Peru, Indigenous, Articles, Survival",2025-10-26T01:26:01.082Z,https://ichef.bbci.co.uk/ace/branded_news/1200/cpsprodpb/f566/live/627ad540-b0e2-11f0-ba75-093eca1ac29b.jpg,,false,
Kolyuchin weather station - Google Search,,,https://www.google.com/search?client=firefox-b-d&q=Kolyuchin+weather+station,Read later,,2025-09-28T09:13:07.577Z,https://dimg-pa.googleapis.com/ic/CmhodHRwczovL2VuY3J5cHRlZC10Ym4wLmdzdGF0aWMuY29tL2ltYWdlcz9xPXRibjpBTmQ5R2NUb0NYX3VDWkFBV1dWUkIzVVYtcEVHcDJLLXJVSnNyQzFFWXNIOTVWYjBKc0tncHcmcwpoaHR0cHM6Ly9lbmNyeXB0ZWQtdGJuMC5nc3RhdGljLmNvbS9pbWFnZXM_cT10Ym46QU5kOUdjUjNzekdIS1RzVC1XNXdkdjhURktjOGFVX0NRaUk4Sjg5Zi1RNzFiem5rNUNoNWdnJnMKaGh0dHBzOi8vZW5jcnlwdGVkLXRibjAuZ3N0YXRpYy5jb20vaW1hZ2VzP3E9dGJuOkFOZDlHY1NNZEoxUmVtQ3FEZHVvU0s1eGZoUF9TeVVEZkxzTmhKejBzZUhzYnNGMkhHYWZQZyZzCmhodHRwczovL2VuY3J5cHRlZC10Ym4wLmdzdGF0aWMuY29tL2ltYWdlcz9xPXRibjpBTmQ5R2NSN0JsYTZhWUJxWnJOWjFxV3hzbzlBV2lyOGRIRW9HQjFtdkRHamZWRGNudkMtSXcmcxAEIKwCKKwCMgcjRkZGRkZG.png?sig=ABxL6pYhnTdyXzsMTQ4LJZk8Q5c7&lc=false&sk=pDKlAV1yRI8%3D&key=AIzaSyCkxh2o-kzOhtsG5ZdGEwQc8Vab9b0bTUg,,false,
New Jersey legalizes human composting,,"New Jersey has become the 14th state in the nation to allow human composting, a process that turns human remains into nutrient-rich soil as an alternative to burial or cremation.",https://www.accuweather.com/en/climate/new-jersey-legalizes-human-composting-as-eco-friendly-alternative-to-burial-and-cremation/1817400,Read later,,2025-09-20T07:32:52.182Z,https://cms.accuweather.com/wp-content/uploads/2025/09/GettyImages-1838354619.jpg,,false,
Folder: Host your website on Google Drive for free,,"Publish any folder as a live website in seconds ‚Äî no server setup, coding, or maintenance required. Perfect for static hosting and effortless content sharing.",https://folder.run/#pricing,Read later,,2025-09-19T22:26:00.694Z,https://folder.run/_nuxt/og-image.C3TsnMnb.png,,false,
Seven colourful cities and towns from around the world - BBC Bitesize,,"Explore seven of the most colourful places in the world, from Chefchaouen in Marocco to Guatap√©, Colombia.",https://www.bbc.co.uk/bitesize/articles/z77kmbk,Read later,,2025-09-19T21:22:28.490Z,https://ichef.bbci.co.uk/images/ic/1200xn/p0h5314n.jpg,,true,
hyperboloid‚Äô shape - Google Search,,,https://www.google.com/search?client=firefox-b-lm&channel=entpr&q=hyperboloid%E2%80%99+shape#vhid=u3x_ns6E-TbyUM&vssid=_y7PNaM3dCICBhbIPjb2yoAc_35,Read later,,2025-09-19T19:50:23.304Z,https://dimg-pa.googleapis.com/ic/CmhodHRwczovL2VuY3J5cHRlZC10Ym4wLmdzdGF0aWMuY29tL2ltYWdlcz9xPXRibjpBTmQ5R2NRakRXRTQ0clMwWGF1OEhGN0Q5YUw2TENVYWZ1ZVN1dmdBdTBsSjBuR2F2bmRTUVEmcwpoaHR0cHM6Ly9lbmNyeXB0ZWQtdGJuMC5nc3RhdGljLmNvbS9pbWFnZXM_cT10Ym46QU5kOUdjUjlWVmdFLWFraWtqeUs2Q2w1SllFcFVWUlpVcDJTMkljb0lGRmVSd1VNOFhYZi1RJnMKaGh0dHBzOi8vZW5jcnlwdGVkLXRibjAuZ3N0YXRpYy5jb20vaW1hZ2VzP3E9dGJuOkFOZDlHY1NER182aFRCVDBpcWtnNHBPLW0wYmpCdnpfUE5WM1I5eC1DU2MzYkwtV2NWQ1UwZyZzCmhodHRwczovL2VuY3J5cHRlZC10Ym4wLmdzdGF0aWMuY29tL2ltYWdlcz9xPXRibjpBTmQ5R2NUYi1WQlFjTEV3ZlFKbDZad2tqcjVtTFpTUHdPT3F6NDl3NnBFT1FoTHJ0REs4QVEmcxAEIKwCKKwCMgcjRkZGRkZG.png?sig=ACuCfxI_p5Vu3AQr-ufFytwg9gr3&lc=false&sk=q2HIsnyXA4w%3D&key=AIzaSyCkxh2o-kzOhtsG5ZdGEwQc8Vab9b0bTUg,,false,
Shankar the elephant: The lonely life and death of Delhi's only African elephant,,"For 24 years, Shankar endured a lonely existence - including at least 13 spent in solitary confinement.",https://www.bbc.co.uk/news/articles/cx2nlevy2gpo,Read later,,2025-09-19T17:20:48.700Z,https://ichef.bbci.co.uk/ace/branded_news/1200/cpsprodpb/60e0/live/80fd87d0-9457-11f0-97be-835470f3c9b2.jpg,,false,
Hackaday,,Fresh hacks every day,https://hackaday.com/,Read later,,2025-09-18T09:45:32.791Z,https://hackaday.com/wp-content/uploads/2020/07/hackaday-logo-with-text-opengraph-default-image.jpg,,false,
Kendal Woman's face reconstructed from 900-year-old skull,,"The remains of the Kendal Woman reveal a difficult life, spent working outdoors.",https://www.bbc.co.uk/news/articles/cm2867n0q1lo,Read later,,2025-09-16T00:44:07.185Z,https://ichef.bbci.co.uk/ace/branded_news/1200/cpsprodpb/e5b7/live/a3012ec0-922e-11f0-84c8-99de564f0440.jpg,,false,
East Yorkshire barn owl breeding season 'absolutely fantastic',,Conservationist Robert Salter says the season has been very successful in East Yorkshire.,https://www.bbc.co.uk/news/articles/c39r1l3d3vdo,Read later,"Nature & Wildlife, Yorkshire",2025-09-11T08:40:42.034Z,https://ichef.bbci.co.uk/ace/branded_news/1200/cpsprodpb/e10a/live/51fe9dd0-8e34-11f0-b783-b73528cf380c.jpg,,false,
Five incredible lighthouses around the world,,"Introducing five amazing lighthouses from across the globe. Full of legend, history, art and wonder.",https://www.bbc.co.uk/bitesize/articles/zw8xkhv,Read later,"bbc-bitesize, BBC",2025-09-05T22:28:02.386Z,https://ichef.bbci.co.uk/images/ic/1200xn/p0lxww8x.jpg,,false,
Counting rings Sycamore Gap tree age,,There has been a lack of clarity over the age of the Hadrian's Wall tree which was illegally felled.,https://www.bbc.co.uk/news/articles/ckgygex6k87o,Read later,,2025-09-04T12:09:51.247Z,https://ichef.bbci.co.uk/ace/branded_news/1200/cpsprodpb/806f/live/71c07160-87f5-11f0-b943-ab72873989a4.jpg,,false,
"The worst car in the world, made in a country that no longer exists",,The Yugoslavian-made Zavasta Yugo was so bad one critic said ‚Äònone were ever reported stolen because no owner wanted it back‚Äô,https://www.drive.com.au/caradvice/the-worst-car-in-the-world-made-in-a-country-that-no-longer-exists/,Read later,,2025-09-03T15:31:01.986Z,"https://media.drive.com.au/obj/tx_q:70,rs:auto:1920:1080:1/driveau/upload/cms/uploads/f6d38ce4-03b1-5302-818c-6dceb8d50000",,false,
Citroen‚Äôs genius act of sabotage against the Nazis WW II,,"When the German army rolled into France in 1940, the boss of Citroen was never just going to just lie down and surrender",https://www.drive.com.au/caradvice/citroens-genius-act-of-sabotage-against-the-nazis-in-world-war-ii/,Read later,,2025-09-03T08:18:16.349Z,"https://media.drive.com.au/obj/tx_q:70,rs:auto:1920:1080:1/driveau/upload/cms/uploads/c21ce18e-c08b-5ea1-bf85-ee2ac7c50000",,false,
Terra Nova: Captain Scott‚Äôs polar ship filmed on the sea floor,,The Terra Nova carried Captain Scott and his men on their doomed expedition to the South Pole.,https://www.bbc.co.uk/news/articles/cpwyvyqkx9yo,Read later,,2025-09-03T00:22:10.697Z,https://ichef.bbci.co.uk/ace/branded_news/1200/cpsprodpb/3d5a/live/7f161480-790b-11f0-a0a3-2909e79b7d59.jpg,,false,
"Starwatch: search for the constellation of Capricornus, the sea goat",,"One of the oldest recognised constellations, it appears on Babylonian clay tablets and Ptolemy‚Äôs second-century list",https://uk.news.yahoo.com/starwatch-search-constellation-capricornus-sea-050051223.html,Read later,,2025-09-02T23:59:39.344Z,https://s.yimg.com/ny/api/res/1.2/mv0oVhz5Tp6teAYlXaLOFQ--/YXBwaWQ9aGlnaGxhbmRlcjt3PTI0MDA7aD0xMjgwO2NmPXdlYnA-/https://media.zenfs.com/en/theguardian_763/fe6db2d33f27d25a9da227cf2e91ce3c,,false,
Battle of Spion Kop - Wikipedia,,,https://en.wikipedia.org/wiki/Battle_of_Spion_Kop,Read later,"Wikipedias, War",2025-09-01T23:02:59.451Z,https://upload.wikimedia.org/wikipedia/commons/f/f0/Boers_at_Spion_Kop%2C_1900_-_Project_Gutenberg_eText_16462.jpg,Highlight:mortally,false,
ARE YOU FKIN KIDDIN' ME!! : r/Damnthatsinteresting,,,https://www.reddit.com/r/Damnthatsinteresting/comments/1n3rqzs/are_you_fkin_kiddin_me/,Read later,,2025-08-30T09:13:04.952Z,https://share.redd.it/preview/post/1n3rqzs,,false,
A charity is giving people money to stop homelessness - and it says it's working,,"Providing money gives people at risk of losing their home the ""dignity of choice"", says the charity's boss.",https://www.bbc.co.uk/news/articles/ce83716edj1o,Read later,,2025-08-28T08:11:20.078Z,https://ichef.bbci.co.uk/ace/branded_news/1200/cpsprodpb/45a5/live/7ce93c70-835e-11f0-a34f-318be3fb0481.jpg,,false,
Shale gas in the UK - British Geological Survey,,The UK has a number of sites that have been explored for shale gas deposits.,https://www.bgs.ac.uk/geology-projects/shale-gas/shale-gas-in-the-uk/,Read later,"Geology, Read-later",2025-08-25T11:21:37.325Z,https://www.bgs.ac.uk/wp-content/uploads/2020/07/P005732.jpg,,false,
"Cira 1500 CE, people climbed 6,736-meter summit of a dormant volcano...",https://archive.ph/fHFwy,to place three drugged children in a small burial chamber and left them to die. The climate preserved their bodies until they were found some 500 years later,https://archive.ph/sBWiG,Read later,,2025-08-13T08:06:06.857Z,https://preview.redd.it/around-1500-ce-people-climbed-the-6-736-meter-summit-of-a-v0-9jc46grzaoif1.jpeg?width=640&crop=smart&auto=webp&s=717e8bded36ef4c9b61ba0d533438b4c181a629f,,false,
"Story of Greek Taxi Driver Gregorios Sachinidis and His 1976 Merc 240D, World‚Äôs Highest Mileage Merc",,"In 1981, Gregorios Sachinidis, a taxi driver from Thessaloniki, Greece, purchased a used 1976 Mercedes-Benz 240D from Germany. The car alrea...",https://www.vintag.es/2025/08/gregorios-sachinidis.html,Read later / Vintage Everyday,"70s, Cars, Stories, Greek, Mercedes",2025-10-24T23:16:57.006Z,https://blogger.googleusercontent.com/img/b/R29vZ2xl/AVvXsEiInSrmv9CC0y1MJbRPLBR4A1EO7FkddNniSr-WZNdqUhq5fYZaGYbe59whH3Swqeon3US7ve8FR_QTH5n5cH3p03YpRATLy1w9c4Ww90DLYrWafMbL0pUZtLwDgJIDfGBpqk3hkvAF-52CKLdyn-inlztJNWYcS1p8rkdZXWjEomxnbietEAH3tKGkxek/w1200-h630-p-k-no-nu/gregorios-sachinidis-mercedes-1.jpg,,false,
HTML: Basic Tags (Part 2) | by Nazmus Saki,,"In the previous story, I discussed some basic tags of paragraphs, text formatting, and headings....",https://freedium-mirror.cfd/https://medium.com/the-crown-writer/html-basic-tags-part-2-390941095ed5,Read later / Freedium Articles,"HTML, Guides, web, Web-development, How-tos, basics",2025-10-24T09:21:35.476Z,https://miro.medium.com/v2/resize:fit:700/0*8unicADTGVa9HCzC,,false,
Counterintuitive ways to improve your life (no one talks about,,None of the ideas I&#39m about to share with you came from any self-help book.,https://freedium-mirror.cfd/a9017e240200,Read later / Freedium Articles,Reading,2025-10-24T09:20:52.483Z,https://miro.medium.com/v2/resize:fit:700/0*aK6rXbPMuRVnej9H.jpeg,,false,
The most insightful stories about Math - Medium,,"Read stories about Math on Medium. Discover smart, unique perspectives on Math and the topics that matter most to you like Mathematics, Science, Education, Technology, Data Science, Programming, Music, Mathematics Education, Photography, and more.",https://medium.com/tag/math,Read later / Freedium Articles,,2025-10-23T17:13:51.720Z,https://miro.medium.com/v2/resize:fit:572/format:webp/0*o8LImKe9beFJOqXp,,false,
Three Walking Routines To Free Your Mind and Improve Your Life,,"Walk Into a Thought, Away From It, and Thought-free",https://freedium-mirror.cfd/cd917edbee1c,Read later / Freedium Articles,"Walking, Guides, Health, Wellness, MentalHealth, Mindfulness",2025-10-23T17:08:28.463Z,https://miro.medium.com/v2/resize:fit:700/0*ulrB99TMiEr40XsP,,false,
"How To Create Math Worksheets Online, Fast and Free",,"I found this shortcut to make Math worksheets in a few minutes. No, it&#39s not ChatGPT.",https://freedium-mirror.cfd/dd0a21a1e2a3,Read later / Freedium Articles,"Maths, Freedium",2025-10-23T17:07:13.762Z,https://miro.medium.com/v2/resize:fit:700/1*hWt0gQWS7r1ucjKV5zw9UA.png,,false,
The Dark Side Of Self-Awareness,,The good news is you now know it&#39s there,https://freedium-mirror.cfd/28ae7c634b4a,Read later / Freedium Articles,"Freedium, Read-later, Articles, Reading",2025-10-23T16:56:18.639Z,https://miro.medium.com/v2/resize:fit:700/0*Wwg892ctEYPqivDc,,false,
Pxfuel - Awesome wallpapers,,,https://www.pxfuel.com/,Wallpapers,Wallpaper,2025-08-28T16:39:24.000Z,,,false,
https://maps.northyorks.gov.uk/connect/analyst/mobile#/main?mapcfg=Out_and_About,,,https://maps.northyorks.gov.uk/connect/analyst/mobile#/main?mapcfg=Out_and_About,Wallpapers,,2025-08-28T23:25:55.000Z,,,false,
Wallpaper Flare,,,https://www.wallpaperflare.com/galaxy-wallpaper-milky-way-space-stars-digital-art-space-art-wallpaper-brm,Wallpapers,"Images, Wallpapers",2025-09-12T20:36:39.000Z,,,false,
Live Kefaloni Webcams,For when you're depressed with *shit* English weather and the cost of living.,"Welcome to the exclusive live webcam of Argostoli Port Road in Œërgostœåli, Greece! Immerse yourself in the breathtaking beauty of this picturesque Greek town, where modernity meets tradition. Our high-definition webcam provides real-time view",https://www.webcamgreece.com/webcam-argostoli-cephalonia-port-road.html,Webcams,"Web Cams, The World, Greece, Kefalonia",2025-10-21T20:42:44.095Z,https://www.webcamgreece.com/uploads/1/2/5/5/125507920/webcam-maleme-crete-800.jpg,,false,
NYC Road Cams,,,https://www.northyorks.gov.uk/roads-parking-and-travel/winter-service/road-cameras-and-weather-conditions,Webcams,"UK, Web Cams, Yorkshire",2025-08-13T11:13:56.000Z,,,false,
Ventnor Camera,,"Discover stunning views of Ventnor, a traditional seaside resort on the south coast of the Isle of Wight, often described as the ‚ÄúEnglish Mediterranean‚Äù and ...",https://www.youtube.com/watch?v=3nah_tJ5_LA,Webcams,"UK, Web Cams, Youtube",2025-08-13T11:13:57.000Z,https://i.ytimg.com/vi/3nah_tJ5_LA/maxresdefault.jpg?v=681bb7db,,false,
ImgOps: url - Áîª,,Useful collection of online image tools. ImgOps = Image Operations,https://imgops.com/thebarchive.com/data/b/thumb/1727/60/1727607543684007s.jpg,fapaning,,2025-10-30T01:24:29.593Z,https://thebarchive.com/data/b/thumb/1727/60/1727607543684007s.jpg,,false,
